 ID ,Skladem (pocet kusu),URL
1,5,/o-kralickovi-a-cernem-slunci-d1|/d0001
2,0,/o-neposlusnych-kuzlatkach-d2|/d0002
3,0,/o-zaklete-sestre-d3|/d0003
4,3,/spravedlivy-soudce-d4|/d0004
5,2,/brok-a-puntik-d5|/d0005
6,1,/kouzelny-dub-d6|/d0006
7,4,/pohadka-o-krajicku-chleba-d7|/d0007
8,1,/sedm-havranu-d8|/d0008
9,3,/proc-nosi-monteri-modre-saty-d9|/d0009
10,4,/maruska-a-medved-d10|/d0010
11,4,/rybar-a-rybka-d11|/d0011
12,0,/jablunka-se-zlatymi-jablky-d12|/d0012
13,1,/neohrozeny-mikes-d13|/d0013
14,1,/o-popelce-d14|/d0014
15,12,/ve-svete-zvirat-1dil-d15|/d0015
16,0,/jak-si-pejsek-roztrhl-kalhoty-d16|/d0016
17,0,/jak-si-pejsek-s-kocickou-delali-dort-d17|/d0017
18,9,/ve-svete-zvirat-2-dil-d18|/d0018
19,3,/tri-zlate-vlasy-deda-vseveda-d19|/d0019
20,1,/o-pernikove-chaloupce-d20|/d0020
21,0,/o-popelce-d21|/d0021
22,0,/o-kohoutkovi-a-slepicce-d22|/d0022
23,0,/jak-pejska-bolel-zoubek-d23|/d0023
24,0,/hrnecku-var-d24|/d0024
25,0,/tri-prasatka-d25|/d0025
26,0,/vanoce-d26|/d0026
27,1,/zlatovlaska-d27|/d0027
28,0,/o-dvanacti-mesickach-d28|/d0028
29,0,/o-smolickovi-d29|/d0029
30,1,/o-lakome-kocicce-d30|/d0030
31,9,/sipkova-ruzenka-d31|/d0031
32,0,/jak-krtek-ke-kalhotkam-prisel-d32|/d0032
33,4,/broucci-3-d33|/d0033
34,0,/v-risi-hmyzu-a-broucku-d34|/d0034
35,0,/o-slunecniku-mesicniku-a-vetrniku-d35|/d0035
36,0,/sul-nad-zlato-d36|/d0036
37,0,/o-budulinkovi-d37|/d0037
38,0,/broucci-2-d38|/d0038
39,0,/o-hloupem-pecivalovi-d39|/d0039
40,7,/krejcik-kralem-d40|/d0040
41,0,/broucci-1-d41|/d0041
42,0,/cert-a-kaca-d42|/d0042
43,1,/dlouhy-siroky-a-bystrozraky-d43|/d0043
44,0,/o-neposlusnych-kuzlatkach-d44|/d0044
45,5,/zabka-kralovna-d45|/d0045
46,0,/zviratka-a-loupeznici-d46|/d0046
47,2,/janicek-s-vonickou-d47|/d0047
48,0,/certuv-mlyn-d48|/d0048
49,0,/princezna-na-hrasku-d49|/d0049
50,2,/o-zlatem-kolovratku-d50|/d0050
51,0,/ptak-ohnivak-a-liska-ryska-d51|/d0051
52,0,/o-chytrem-jenikovi-a-zle-jezibabe-d52|/d0052
53,1,/zlatovlaska-d53|/d0053
54,0,/popeluska-d54|/d0054
55,0,/lucni-kvetinky-d55|/d0055
56,0,/coby-kdybyjak-madlenka-chodila-po-vode-d56|/d0056
57,3,/o-nevdecnem-kuratku-d57|/d0057
58,5,/hloupy-jan-d58|/d0058
59,0,/otesanek-d59|/d0059
60,0,/koblizek-na-cestach-d60|/d0060
61,0,/deti-v-lese-d61|/d0061
62,0,/o-panence-ktera-tence-plakala-d62|/d0062
63,5,/pohadka-o-stromech-a-vetru-d63|/d0063
64,2,/robinson-crusoe-1dil-d64|/d0064
65,8,/robinson-crusoe-2dil-d65|/d0065
66,1,/kalif-capem-d66|/d0066
67,11,/vdecna-zviratka-d67|/d0067
68,1,/otesanek-d68|/d0068
69,0,/sipkova-ruzenka-d69|/d0069
70,0,/zvidalek-jde-do-skoly-d70|/d0070
71,9,/o-spalickovi-d71|/d0071
72,0,/liska-a-cap-d72|/d0072
73,1,/deti-jdou-mestem-d73|/d0073
74,0,/nemocny-medved-d74|/d0074
75,0,/divotvorny-dzban-d75|/d0075
76,0,/o-starem-psu-a-vlku-d76|/d0076
77,5,/pysna-princezna-1dil-d77|/d0077
78,6,/pysna-princezna-2dil-d78|/d0078
79,1,/snehulaci-d79|/d0079
80,0,/o-pernikove-chaloupce-d80|/d0080
81,4,/otesanek-d81|/d0081
82,0,/pohadka-o-princi-mydlarovi-d82|/d0082
83,0,/jak-si-pejsek-s-kocickou-myli-podlahu-d83|/d0083
84,3,/o-velike-repe-d84|/d0084
85,0,/krasna-violka-d85|/d0085
86,0,/o-dvanacti-mesickach-d86|/d0086
87,0,/stary-bodrik-a-vlk-d87|/d0087
88,2,/o-rybari-a-rybce-d88|/d0088
89,0,/s-vsudybylem-do-pohadky-d89|/d0089
90,1,/potrestana-pycha-d90|/d0090
91,14,/princezna-pampeliska-d91|/d0091
92,0,/cervena-karkulka-d92|/d0092
93,1,/zajickova-chaloupka-d93|/d0093
94,0,/rukavicka-d94|/d0094
95,3,/o-hloupem-honzovi-d95|/d0095
96,3,/zaba-na-suchu-senosec-d96|/d0096
97,1,/o-dvanacti-mesickach-d97|/d0097
98,1,/o-pernikove-chaloupce-d98|/d0098
99,11,/kun-barona-prasila-d99|/d0099
100,4,/zviratka-a-loupeznici-d100|/d0100
101,0,/byl-jeden-domecek-d101|/d0101
102,0,/o-slunecniku-mesicniku-a-vetrniku-d102|/d0102
103,5,/rozcitadlo-d103|/d0103
104,0,/o-kotaku-ktere-zapomnelo-mnoukat-d104|/d0104
105,3,/svoz-obili-kolace-d105|/d0105
106,0,/zizalka-muzikantka-d106|/d0106
107,3,/uhadni-mne-sedmitecna-d107|/d0107
108,5,/smrcek-d108|/d0108
109,0,/zazracni-volecci-d109|/d0109
110,1,/o-vandrovnem-d110|/d0110
111,0,/koza-rohata-a-jezek-1-d111|/d0111
112,0,/koza-rohata-a-jezek-2-d112|/d0112
113,2,/o-kulhave-vlastovicce-d113|/d0113
114,3,/jura-matej-jan-d114|/d0114
115,0,/kohoutek-a-mlynek-d115|/d0115
116,3,/zajic-chvastoun-d116|/d0116
117,2,/zazracna-bylina-d117|/d0117
118,4,/podzim-s-drakem-prvni-snih-d118|/d0118
119,1,/liska-a-vlk-d119|/d0119
120,2,/jak-to-vlastne-je-bodlak-d120|/d0120
121,5,/nemyta-pradlo-d121|/d0121
122,0,/o-kalifu-capovi-d122|/d0122
123,0,/kocour-v-botach-d123|/d0123
124,0,/kocour-v-botach-d124|/d0124
125,2,/domaci-zviratka-d125|/d0125
126,2,/bratricek-jelinek-d126|/d0126
127,2,/divotvorna-harfa-d127|/d0127
128,10,/otcovo-dedictvi-d128|/d0128
129,5,/o-pilne-slepicce-d129|/d0129
130,0,/statecne-kuratko-d130|/d0130
131,1,/snehova-kralovna-d131|/d0131
132,5,/peta-a-vlk-d132|/d0132
133,7,/pohadka-o-honzovi-d133|/d0133
134,3,/jezek-d134|/d0134
135,4,/zajicek-hrdopysek-d135|/d0135
136,3,/moudry-zlatnik-d136|/d0136
137,0,/o-kohoutkovi-ktery-sel-do-sveta-d137|/d0137
138,5,/podivuhodne-dobrodruzstvi-barona-prasila-1-d138|/d0138
139,5,/podivuhodne-dobrodruzstvi-barona-prasila-2-d139|/d0139
140,0,/neposlusny-budulinek-d140|/d0140
141,0,/aladinova-kouzelna-lampa-d141|/d0141
142,1,/ptak-ohnivak-a-liska-ryska-d142|/d0142
143,0,/zvedava-veverka-d143|/d0143
144,0,/divotvorne-dudy-d144|/d0144
145,0,/jak-ucil-stary-cap-o-rybniku-d145|/d0145
146,2,/snehurka-a-sedm-trpasliku-d146|/d0146
147,5,/honza-a-vitr-d147|/d0147
148,7,/o-modrem-ptacku-d148|/d0148
149,0,/neohrozeny-mikes-d149|/d0149
150,3,/o-cerne-princezne-d150|/d0150
151,1,/o-popelce-d151|/d0151
152,0,/pernikova-chaloupka-d152|/d0152
153,0,/koblizek-na-vandru-d153|/d0153
154,15,/obuchu-hybej-se-d154|/d0154
155,0,/mala-morska-vila-d155|/d0155
156,0,/kral-lavra-d156|/d0156
157,7,/ziva-voda-d157|/d0157
158,2,/o-kovladu-d158|/d0158
159,0,/cert-a-kaca-d159|/d0159
160,1,/kubula-a-kuba-kubikula-d160|/d0160
161,1,/kasparek-a-hastrman-d161|/d0161
162,33,/vesele-valceni-barona-prasila-d162|/d0162
163,0,/kresadlo-d163|/d0163
164,1,/kacenka-a-deda-mraz-d164|/d0164
165,1,/hlemyzdi-pohadka-d165|/d0165
166,18,/paleckova-dobrodruzstvi-d166|/d0166
167,0,/pohadka-o-zenichu-medvedovi-d167|/d0167
168,0,/dlouhy-siroky-a-bystrozraky-d168|/d0168
169,3,/pes-a-datel-d169|/d0169
170,2,/o-cervene-karkulce-d170|/d0170
171,1,/baron-prasil-d171|/d0171
172,0,/ubrousku-prostri-se-d172|/d0172
173,2,/sedmero-krkavcu-d173|/d0173
174,2,/o-smolickovi-d174|/d0174
175,1,/pohadka-o-nepravem-princi-d175|/d0175
176,0,/o-cervene-karkulce-d176|/d0176
177,0,/o-dvanacti-mesickach-d177|/d0177
178,0,/popelka-d178|/d0178
179,0,/zdravuska-a-mikrobi-d179|/d0179
180,4,/princezna-se-zlatou-hvezdou-d180|/d0180
181,3,/kral-lavra-d181|/d0181
182,2,/o-zle-koze-d182|/d0182
183,8,/zlaty-kolovrat-d183|/d0183
184,0,/jirka-s-kozou-d184|/d0184
185,0,/zviratka-v-lese-d185|/d0185
186,0,/slavik-d186|/d0186
187,5,/pohadka-o-malem-mukovi-d187|/d0187
188,0,/alabastrova-rucicka-d188|/d0188
189,4,/o-zlatohlavkovi-d189|/d0189
190,5,/tri-bile-ruze-d190|/d0190
191,5,/kde-je-misa-d191|/d0191
192,2,/tri-zlate-vlasy-deda-vseveda-d192|/d0192
193,2,/o-budulinkovi-d193|/d0193
194,3,/nejvzacnejsi-dar-d194|/d0194
195,0,/zle-labute-d195|/d0195
196,0,/pomsta-vrabcu-d196|/d0196
197,2,/princezna-se-zlatou-hvezdou-d197|/d0197
198,0,/jak-jaromil-ke-stesti-prisel-d198|/d0198
199,3,/o-dvanacti-mesickach-d199|/d0199
200,9,/poledni-vitr-d200|/d0200
201,0,/o-kohoutkovi-a-slepicce-d201|/d0201
202,0,/o-umounenem-kosilackovi-d202|/d0202
203,0,/zlatovlaska-d203|/d0203
204,2,/pohadka-o-slunecku-sedmitecnem-d204|/d0204
205,0,/chudy-svec-d205|/d0205
206,0,/o-kocouru-kohoutu-a-kose-d206|/d0206
207,0,/micek-flicek-d207|/d0207
208,2,/pohadka-pro-terezku-d208|/d0208
209,0,/kouzelne-sklicko-d209|/d0209
210,1,/o-krali-co-nepoznal-housle-d210|/d0210
211,0,/filipove-bez-filipa-d211|/d0211
212,2,/pri-rybniku-d212|/d0212
213,0,/o-konradovi-ktery-psal-nosem-d213|/d0213
214,0,/o-krasne-pasacce-d214|/d0214
215,0,/snehurka-a-sedm-trpasliku-d215|/d0215
216,1,/o-neposlusnych-kozlatkach-d216|/d0216
217,0,/zviratka-a-loupeznici-d217|/d0217
218,0,/jak-se-stal-matej-cvrcek-doktorem-d218|/d0218
219,0,/snehova-kralovna-d219|/d0219
220,0,/sul-nad-zlato-d220|/d0220
221,1,/pohadka-o-cervene-karkulce-d221|/d0221
222,0,/o-lisce-a-vlkovi-d222|/d0222
223,1,/jak-ivan-dostal-princeznu-d223|/d0223
224,1,/saty-s-pavy-housaty-a-jeleny-d224|/d0224
225,0,/o-jednom-krali-d225|/d0225
226,1,/zuzanka-a-pismenka-d226|/d0226
227,0,/na-chodniku-a-na-silnici-d227|/d0227
228,0,/barborka-a-cucave-bonbony-d228|/d0228
229,1,/kveten-d229|/d0229
230,2,/o-princi-z-kratke-pohadky-d230|/d0230
231,0,/smrt-kmotricka-d231|/d0231
232,0,/snehurka-a-sedm-trpasliku-d232|/d0232
233,0,/zviratka-a-petrovsti-d233|/d0233
234,3,/pohadka-o-malem-mukovi-d234|/d0234
235,0,/divoke-labute-d235|/d0235
236,0,/novorocni-pohadka-d236|/d0236
237,0,/bile-opojeni-d237|/d0237
238,0,/na-koleckach-d238|/d0238
239,0,/krysar-d239|/d0239
240,0,/pohadka-o-hodinach-d240|/d0240
241,0,/darek-1-d241|/d0241
242,0,/stalo-se-na-paprikove-ulici-d242|/d0242
243,4,/kresadlo-d243|/d0243
244,0,/malenka-d244|/d0244
245,0,/kouzelna-lampa-d245|/d0245
246,0,/odvazny-krejcik-d246|/d0246
247,0,/mala-morska-vila-d247|/d0247
248,1,/osklive-kacatko-d248|/d0248
249,0,/dostihy-d249|/d0249
250,0,/sipkova-ruzenka-d250|/d0250
251,0,/cervena-karkulka-d251|/d0251
252,9,/labuti-klicek-d252|/d0252
253,5,/baca-a-drak-d253|/d0253
254,0,/zviratka-z-celeho-sveta-d254|/d0254
255,2,/princezna-na-hrasku-d255|/d0255
256,0,/dlouhy-siroky-a-bystrozraky-d256|/d0256
257,0,/sul-nad-zlato-d257|/d0257
258,1,/o-paleckovi-d258|/d0258
259,0,/o-zlate-rybce-d259|/d0259
260,4,/dva-mrazici-d260|/d0260
261,2,/pan-spravce-a-cert-d261|/d0261
262,0,/ebenovy-kun-d262|/d0262
263,0,/cesta-do-stredu-zeme-d263|/d0263
264,0,/delate-to-take-tak-d264|/d0264
265,1,/o-cervene-karkulce-d265|/d0265
266,0,/zavedeme-vas-d266|/d0266
267,0,/palecek-d267|/d0267
268,0,/moje-abeceda-d268|/d0268
269,0,/josef-lada-detem-1-d269|/d0269
270,2,/josef-lada-detem-2-d270|/d0270
271,0,/silny-ctibor-d271|/d0271
272,0,/panenka-a-kominicek-d272|/d0272
273,0,/osklive-kachnatko-d273|/d0273
274,0,/kuzlatka-a-vlk-d274|/d0274
275,0,/krejcik-hrdina-d275|/d0275
276,0,/princezna-pampeliska-d276|/d0276
277,0,/mosno-zatres-se-d277|/d0277
278,2,/o-popelusce-d278|/d0278
279,0,/o-neposlusnem-kuratku-d279|/d0279
280,4,/o-kohoutkovi-a-psickovi-d280|/d0280
281,2,/chytra-vcelka-d281|/d0281
282,4,/zajeci-beranice-d282|/d0282
283,1,/o-stastne-mamince-d283|/d0283
284,5,/proc-pes-honi-zajice-d284|/d0284
285,3,/pasacek-vepru-d285|/d0285
286,6,/kocka-a-myska-d286|/d0286
287,4,/havirska-d287|/d0287
288,1,/jak-v-kocourkove-utopili-raka-d288|/d0288
289,1,/jak-pruvodci-vynalezli-pistalky-d289|/d0289
290,6,/pisen-o-rodne-zemi-d290|/d0290
291,2,/pes-d291|/d0291
292,3,/dve-prani-d292|/d0292
293,1,/kozlicek-nebojsa-d293|/d0293
294,3,/budka-d294|/d0294
295,1,/o-smolickovi-d295|/d0295
296,4,/myska-a-tuzka-d296|/d0296
297,4,/kohoutek-a-barvicky-d297|/d0297
298,2,/jak-nabyl-zajic-dlouhych-usi-kam-pobezis-d298|/d0298
299,3,/pohadka-o-kamnech-d299|/d0299
300,0,/o-kohoutkovi-a-slepicce-d300|/d0300
301,0,/hloupy-kluk-d301|/d0301
302,0,/lomidrevo-d302|/d0302
303,4,/kalendar-d303|/d0303
304,1,/o-hloupe-mysce-d304|/d0304
305,2,/enspigl-se-predstavuje-d305|/d0305
306,0,/gulliverovo-ztroskotani-d306|/d0306
307,0,/gulliver-v-risi-liliputanu-d307|/d0307
308,0,/gulliver-zmari-valku-d308|/d0308
309,0,/gulliverovy-taskariny-d309|/d0309
310,13,/zlaty-vrch-d310|/d0310
311,1,/lev-a-mys-d311|/d0311
312,18,/o-jozovi-d312|/d0312
313,0,/zazracny-napoj-d313|/d0313
314,0,/princ-bajaja-d314|/d0314
315,0,/karneval-d315|/d0315
316,0,/nejvetsi-carodej-d316|/d0316
317,0,/dvanact-dobrych-pratel-d317|/d0317
318,0,/kohout-kocour-a-palice-d318|/d0318
319,0,/slunicko-na-cestach-d319|/d0319
320,4,/velka-stika-rybaricek-d320|/d0320
321,0,/o-pejskovi-a-kocicce-d321|/d0321
322,5,/o-pionyrskem-satecku-d322|/d0322
323,3,/kvetinove-rozcitadlo-maly-zahradnik-d323|/d0323
324,0,/o-budulinkovi-d324|/d0324
325,1,/navsteva-za-oknem-d325|/d0325
326,1,/husopaska-d326|/d0326
327,4,/jaro-d327|/d0327
328,5,/spatna-hospodynka-d328|/d0328
329,1,/enspiglova-remesla-d329|/d0329
330,0,/za-zviraty-celym-svetem-1-2-d330|/d0330
331,0,/pohadka-o-snehurce-a-7-trpasliccich-1-2-d331|/d0331
332,0,/misa-a-zajicek-1-d332|/d0332
333,0,/misa-a-zajicek-2-d333|/d0333
334,1,/o-zlate-vcele-d334|/d0334
335,0,/rukavice-d335|/d0335
336,1,/o-dvanacti-mesickach-d336|/d0336
337,1,/kohout-a-stetec-d337|/d0337
338,0,/kdysi-a-dnes-d338|/d0338
339,1,/popelka-d339|/d0339
340,1,/huan-sao-1-2-d340|/d0340
341,1,/ruzenciny-narozeniny-d341|/d0341
342,4,/sul-nad-zlato-d342|/d0342
343,1,/cesta-slunecni-soustavou-2-d343|/d0343
344,0,/tri-mladenci-na-slunecni-hore-d344|/d0344
345,0,/chytra-horakyne-d345|/d0345
346,0,/obusku-z-pytle-ven-d346|/d0346
347,0,/o-osklivem-kacatku-d347|/d0347
348,0,/sedm-havranu-d348|/d0348
349,0,/zlatovlaska-d349|/d0349
350,2,/kral-lavra-d350|/d0350
351,0,/kresadlo-d351|/d0351
352,0,/kosi-leto-d352|/d0352
353,1,/divotvorny-zamek-d353|/d0353
354,0,/certuv-mlyn-d354|/d0354
355,0,/krakonosovy-cepice-d355|/d0355
356,1,/snehova-kralovna-d356|/d0356
357,1,/jak-pasl-janek-kobylku-d357|/d0357
358,0,/pohadka-o-trech-muzikantech-a-smutne-princezne-d358|/d0358
359,3,/tri-zlata-pera-d359|/d0359
360,0,/sipkova-ruzenka-d360|/d0360
361,1,/o-zazracnem-konikovi-d361|/d0361
362,2,/krasna-panna-jablonova-d362|/d0362
363,0,/jak-svec-certa-osidil-d363|/d0363
364,0,/alabastrova-rucicka-d364|/d0364
365,1,/cert-a-kaca-d365|/d0365
366,8,/lesni-panna-d366|/d0366
367,2,/o-jedne-divne-zemi-d367|/d0367
368,2,/jak-se-honzik-ucil-latinsky-d368|/d0368
369,1,/kdo-je-hloupejsi-d369|/d0369
370,0,/pernikova-chaloupka-d370|/d0370
371,1,/o-chytre-princezne-d371|/d0371
372,0,/martankovo-prazske-dobrodruzstvi-d372|/d0372
373,10,/tri-zlate-vlasy-deda-vseveda-d373|/d0373
374,9,/o-vetrnem-krali-d374|/d0374
375,1,/zivy-klobouk-d375|/d0375
376,3,/kozel-a-beran-d376|/d0376
377,5,/jarni-rikadlo-d377|/d0377
378,1,/jarni-pohadka-d378|/d0378
379,4,/jak-sel-honza-pro-lek-d379|/d0379
380,2,/kouzelny-prsten-d380|/d0380
381,2,/pohadka-o-zlem-kameni-d381|/d0381
382,4,/svacina-v-lese-d382|/d0382
383,1,/zimni-pohadka-d383|/d0383
384,0,/pasacek-a-medvedice-d384|/d0384
385,0,/divoke-labute-d385|/d0385
386,4,/o-cervene-slepicce-d386|/d0386
387,3,/zarikani-u-vody-d387|/d0387
388,0,/straspytel-d388|/d0388
389,0,/strach-ma-velke-oci-d389|/d0389
390,5,/o-chytrem-mateji-d390|/d0390
391,0,/hudralek-na-vandru-d391|/d0391
392,1,/lenoch-poctar-d392|/d0392
393,3,/hra-na-honenou-velikonocni-d393|/d0393
394,0,/kocour-v-botach-d394|/d0394
395,0,/sipkova-ruzenka-d395|/d0395
396,0,/o-snehurce-d396|/d0396
397,0,/jak-dedecek-menil-az-vymenil-d397|/d0397
398,3,/kdo-je-hloupejsi-d398|/d0398
399,1,/silny-ctibor-d399|/d0399
400,0,/hrnecku-var-d400|/d0400
401,1,/hadi-koruna-d401|/d0401
402,1,/kral-jiri-a-sasek-palecek-d402|/d0402
403,1,/bohac-a-chudak-d403|/d0403
404,0,/chytri-z-kocourkova-d404|/d0404
405,0,/o-chytre-kocce-d405|/d0405
406,0,/hvezdicky-d406|/d0406
407,0,/jak-zviratka-prezimovala-d407|/d0407
408,0,/o-chytre-zelve-d408|/d0408
409,3,/o-zlatych-jablickach-d409|/d0409
410,0,/princezna-krasava-d410|/d0410
411,0,/carovne-zrnko-d411|/d0411
412,0,/hrnecku-var-d412|/d0412
413,0,/o-neposlusnem-kuratku-d413|/d0413
414,0,/o-trech-pradlenach-d414|/d0414
415,0,/aladin-a-kouzelna-lampa-d415|/d0415
416,0,/zaba-na-prameni-d416|/d0416
417,2,/svec-a-cert-d417|/d0417
418,0,/alibaba-a-40-loupezniku-d418|/d0418
419,0,/pohadka-o-pernikove-chaloupce-d419|/d0419
420,0,/snehurka-a-sedm-trpasliku-d420|/d0420
421,0,/hrnecku-var-d421|/d0421
422,2,/jirka-s-kozou-d422|/d0422
423,0,/dlouhy-siroky-a-bystrozraky-d423|/d0423
424,3,/tri-medvedi-d424|/d0424
425,1,/zviratka-a-loupeznici-d425|/d0425
426,0,/kde-je-misa-d426|/d0426
427,0,/tri-prasatka-d427|/d0427
428,0,/o-cervene-karkulicce-d428|/d0428
429,1,/jirka-s-kozou-d429|/d0429
430,1,/princ-bajaja-d430|/d0430
431,1,/cert-a-kaca-d431|/d0431
432,0,/zlatovlaska-d432|/d0432
433,0,/malenka-d433|/d0433
434,0,/vdecna-zviratka-d434|/d0434
435,0,/kocour-v-botach-d435|/d0435
436,0,/neposlusny-budulinek-d436|/d0436
437,0,/divotvorne-dudy-d437|/d0437
438,0,/o-zvedavem-kotatku-d438|/d0438
439,0,/vesela-medvidata-d439|/d0439
440,3,/vesela-medvidata-d440|/d0440
441,0,/tri-zlate-vlasy-deda-vseveda-d441|/d0441
442,0,/petrikovi-prazdniny-d442|/d0442
443,1,/napraveny-petr-d443|/d0443
444,0,/kluci-pozor-cervena-d444|/d0444
445,3,/kluci-pozor-na-kolech-d445|/d0445
446,1,/kluci-pozor-na-cestach-d446|/d0446
447,0,/kluci-pozor-prazdniny-d447|/d0447
448,2,/kluci-pozor-na-vylete-d448|/d0448
449,1,/kluci-pozor-na-snehu-d449|/d0449
450,3,/hra-na-pasacka-d450|/d0450
451,0,/o-stribrne-studance-d451|/d0451
452,0,/devet-kuratek-d452|/d0452
453,1,/alenka-a-ivanek-d453|/d0453
454,2,/pasak-vlk-a-beran-d454|/d0454
455,2,/o-namalovanem-slunicku-d455|/d0455
456,3,/o-hodnem-tovarysi-jirkovi-d456|/d0456
457,0,/snehurka-d457|/d0457
458,0,/tri-bratri-a-kocourkovsti-d458|/d0458
459,0,/dve-sestry-d459|/d0459
460,0,/popelka-d460|/d0460
461,0,/o-trech-pradlenach-d461|/d0461
462,0,/o-pernikove-chaloupce-d462|/d0462
463,2,/o-zlatych-jablickach-d463|/d0463
464,3,/o-stribrne-studance-d464|/d0464
465,0,/o-dvou-neposlusnych-medvidatech-d465|/d0465
466,0,/o-trech-kuratkach-d466|/d0466
467,0,/pohadka-za-kapri-penizek-d467|/d0467
468,0,/jak-si-hral-pejsek-s-kralikem-d468|/d0468
469,0,/o-lisce-a-vlku-d469|/d0469
470,0,/pecival-d470|/d0470
471,0,/o-kotatku-ktere-chtelo-cist-d471|/d0471
472,0,/princezna-paperka-d472|/d0472
473,0,/cvrcek-muzikant-d473|/d0473
474,0,/nestastny-kocourek-d474|/d0474
475,0,/smudlicka-d475|/d0475
476,1,/koblizek-na-cestach-d476|/d0476
477,0,/janko-hrasek-d477|/d0477
478,0,/pejsek-lejsek-d478|/d0478
479,0,/o-smolickovi-d479|/d0479
480,0,/dlouhy-siroky-a-bystrozraky-d480|/d0480
481,0,/tri-prasatka-d481|/d0481
482,3,/chytry-synek-d482|/d0482
483,0,/o-hloupe-zene-d483|/d0483
484,3,/kdo-pro-nas-pracuje-d484|/d0484
485,0,/ukradeny-mlynek-d485|/d0485
486,0,/o-cervene-karkulce-d486|/d0486
487,2,/tajemna-skrinka-d487|/d0487
488,2,/sedokrcka-d488|/d0488
489,0,/medvidek-batula-d489|/d0489
490,0,/princezna-na-hrasku-d490|/d0490
491,1,/snehurka-d491|/d0491
492,0,/pohadka-o-smutnem-autobusu-d492|/d0492
493,0,/pohadka-o-veverci-jedenactce-d493|/d0493
494,0,/o-dvanacti-mesickach-d494|/d0494
495,0,/jak-zajici-cestovali-d495|/d0495
496,0,/jak-pejsek-a-kocicka-nasli-panenku-d496|/d0496
497,0,/nespokojena-zviratka-d497|/d0497
498,1,/o-vlckovi-a-listicce-jak-vojak-varil-kasi-ze-sekyry-d498|/d0498
499,0,/princ-bajaja-d499|/d0499
500,0,/devcatko-se-sirkami-d500|/d0500
501,3,/osklive-kacatko-d501|/d0501
502,4,/o-bublackovi-d502|/d0502
503,2,/rikadla-d503|/d0503
504,1,/proc-ubylo-mesicka-mlyn-d504|/d0504
505,0,/tri-zlate-vlasy-deda-vseveda-d505|/d0505
506,4,/kamenici-ospalec-d506|/d0506
507,4,/kulicky-zalobnici-d507|/d0507
508,0,/petr-a-drak-d508|/d0508
509,0,/neposlusne-kuratko-d509|/d0509
510,0,/hrnecku-var-d510|/d0510
511,0,/o-neposlusnych-kuzlatkach-d511|/d0511
512,0,/ples-v-lese-d512|/d0512
513,0,/o-sedmi-kozlatkach-d513|/d0513
514,0,/o-velke-repe-1-d514|/d0514
515,1,/pro-maminku-d515|/d0515
516,0,/gulliver-v-blefusku-d516|/d0516
517,0,/o-cernokneznikovi-d517|/d0517
518,0,/cisarovy-nove-saty-d518|/d0518
519,0,/vila-d519|/d0519
520,0,/o-snehurecce-d520|/d0520
521,0,/o-krakonosovi-d521|/d0521
522,0,/jak-sel-honza-pro-lek-d522|/d0522
523,0,/drevorubcuv-krajicek-d523|/d0523
524,2,/muzikant-a-cernokneznik-d524|/d0524
525,2,/maruska-a-hvezdicky-d525|/d0525
526,0,/sipkova-ruzenka-d526|/d0526
527,0,/pohadka-o-trech-oslech-d527|/d0527
528,0,/koblizek-na-cestach-d528|/d0528
529,0,/dlouhy-siroky-a-bystrozraky-2-d529|/d0529
530,1,/pohadka-o-zlate-rybce-d530|/d0530
531,0,/o-zlatovlase-anicce-d531|/d0531
532,0,/alibaba-a-40-loupezniku-d532|/d0532
533,1,/presnidavka-pro-mysku-d533|/d0533
534,0,/televizni-dvojcata-d534|/d0534
535,0,/falesne-dukaty-d535|/d0535
536,0,/sul-nad-zlato-d536|/d0536
537,0,/havrani-bratri-d537|/d0537
538,0,/posledni-vynalez-d538|/d0538
539,0,/ivanko-cestuje-do-bratislavy-d539|/d0539
540,0,/kocour-s-masli-d540|/d0540
541,0,/vyvoj-dopravnich-prostredku-d541|/d0541
542,0,/kolo-d542|/d0542
543,13,/dia-autoalbum-f-2-d543|/d0543
544,3,/dia-autoalbum-f-3-d544|/d0544
545,0,/zviratka-v-zoo-d545|/d0545
546,0,/ivanko-cestuje-do-prahy-d546|/d0546
547,0,/ivanko-poznava-moskvu-d547|/d0547
548,0,/oblekame-se-podle-pocasi-d548|/d0548
549,0,/vlastovicka-pod-strechou-d549|/d0549
550,0,/rodina-a-dite-d550|/d0550
551,0,/nespokojeny-stravnik-d551|/d0551
552,0,/na-jare-na-zahrade-d552|/d0552
553,0,/kocka-a-mleko-d553|/d0553
554,0,/sul-nad-zlato-d554|/d0554
555,0,/koza-rohata-a-jezek-d555|/d0555
556,0,/neposlusna-kuzlatka-d556|/d0556
557,0,/deti-a-medvedice-d557|/d0557
558,0,/pohadka-o-telefonnim-sloupu-d558|/d0558
559,0,/jarni-vylet-d559|/d0559
560,1,/ruzovy-balonek-d560|/d0560
561,0,/doktor-jajboli-v-africe-d561|/d0561
562,0,/ulice-neni-hriste-d562|/d0562
563,0,/jak-si-lide-staveji-dum-d563|/d0563
564,0,/ucme-se-zdrave-zit-d564|/d0564
565,0,/zabka-kunkalka-d565|/d0565
566,0,/katka-jde-do-skoly-d566|/d0566
567,0,/janek-hrasek-d567|/d0567
568,0,/jak-kuba-s-matkom-ohen-preskakovali-d568|/d0568
569,0,/kdyz-loutky-oziji-d569|/d0569
570,0,/hudcuv-vrch-1-d570|/d0570
571,0,/hudcuv-vrch-2-d571|/d0571
572,0,/bratislavske-pohlednice-d572|/d0572
573,0,/povest-o-trencanskem-hrade-d573|/d0573
574,0,/petr-na-rybach-d574|/d0574
575,0,/pokazena-nalada-d575|/d0575
576,0,/zvedavy-mravenecek-d576|/d0576
577,0,/poklad-v-lese-d577|/d0577
578,0,/nedobrovolna-koupel-d578|/d0578
579,0,/dobrodruzstvi-snilka-hnilka-d579|/d0579
580,0,/smutny-dum-d580|/d0580
581,0,/zlate-kopytko-d581|/d0581
582,0,/o-strasidelku-berte-d582|/d0582
583,0,/kde-bylo-tam-bylo-d583|/d0583
584,0,/indian-maciarik-d584|/d0584
585,0,/kamaradi-d585|/d0585
586,0,/o-princich-dvojcatech-co-se-nepodobali-d586|/d0586
587,0,/indian-maciarik-a-zla-nemoc-d587|/d0587
588,0,/o-tanine-cukrarne-d588|/d0588
589,0,/ubozak-petrik-d589|/d0589
590,0,/tlusty-princ-a-drak-d590|/d0590
591,0,/pravy-indian-d591|/d0591
592,0,/divne-kralovstvi-d592|/d0592
593,0,/usilovni-zaci-gejza-a-baltazar-d593|/d0593
594,0,/pohadka-o-velke-repe-d594|/d0594
595,0,/zatoulana-husa-d595|/d0595
596,0,/nemocny-medvidek-d596|/d0596
597,0,/o-kohoutkovi-a-slepicce-d597|/d0597
598,0,/do-skoly-d598|/d0598
599,0,/o-jankovi-polenkovi-d599|/d0599
600,0,/o-clovickovi-z-budiku-d600|/d0600
601,0,/tri-medvedi-d601|/d0601
602,0,/koblizek-d602|/d0602
603,0,/srnecek-parozek-d603|/d0603
604,0,/kuzlatka-d604|/d0604
605,0,/ztroskotanci-severniho-more-d605|/d0605
606,0,/strevicky-d606|/d0606
607,0,/co-zazila-mlada-zizalka-d607|/d0607
608,0,/co-videly-deti-v-meste-d608|/d0608
609,0,/o-lisce-a-vlkovi-d609|/d0609
610,0,/kulka-a-jamka-1-d610|/d0610
611,0,/kulka-a-jamka-2-d611|/d0611
612,0,/bezpecne-do-skoly-bezpecne-domu-d612|/d0612
613,0,/chodci-a-ridici-d613|/d0613
614,0,/cert-a-kaca-d614|/d0614
615,0,/o-cinovem-vojacku-d615|/d0615
616,0,/snehurka-a-sedm-trpasliku-d616|/d0616
617,4,/dia-autoalbum-f-1-d617|/d0617
618,0,/nakupy-d618|/d0618
619,0,/doprava-d619|/d0619
620,4,/opatrne-bezpecne-d620|/d0620
621,0,/nemoc-d621|/d0621
622,1,/navsteva-divadla-d622|/d0622
623,0,/vesnice-d623|/d0623
624,1,/dopravni-znacky-pro-chodce-a-pro-cyklisty-d624|/d0624
625,0,/proc-vodnik-bryndal-odesel-z-rybnika-parezaku-d625|/d0625
626,0,/pohadka-o-budulinkovi-d626|/d0626
627,1,/tri-ruske-pohadky-d627|/d0627
628,0,/ubrousku-prostri-se-d628|/d0628
629,0,/zakleta-hora-d629|/d0629
630,0,/prihody-janka-hraska-1-d630|/d0630
631,0,/pohadka-o-ptaku-ohnivakovi-d631|/d0631
632,0,/janko-polenko-d632|/d0632
633,0,/zlatovlaska-d633|/d0633
634,0,/knize-rastislav-d634|/d0634
635,0,/povest-o-hradni-studni-d635|/d0635
636,0,/ptaci-dravci-a-sovy-d636|/d0636
637,0,/chroust-d637|/d0637
638,0,/skudcove-poli-d638|/d0638
639,0,/tri-motyli-d639|/d0639
640,0,/byl-jeden-pes-d640|/d0640
641,0,/snehurka-d641|/d0641
642,1,/cesta-slunecni-soustavou-1-d642|/d0642
643,0,/zkazonosny-vynalez-ing-rocha-d643|/d0643
644,0,/cesta-za-pohadkou-d644|/d0644
645,2,/zivot-na-vesnici-d645|/d0645
646,0,/cervena-karkulka-d646|/d0646
647,0,/abychom-se-libili-d647|/d0647
648,0,/vzdy-to-tak-neskonci-d648|/d0648
649,0,/jarni-svatky-v-bratislave-d649|/d0649
650,0,/osamela-princezna-d650|/d0650
651,0,/jarni-svatky-ve-vesnici-d651|/d0651
652,0,/vsetecny-vrabecek-d652|/d0652
653,0,/loktibrada-d653|/d0653
654,0,/jak-kotatko-zapomnelo-prosit-d654|/d0654
655,0,/prihody-janka-hraska-2-d655|/d0655
656,0,/jakypak-je-to-ptak-d656|/d0656
657,1,/raketou-do-vesmiru-d657|/d0657
658,0,/kocour-v-botach-d658|/d0658
659,0,/kocour-v-botach-d659|/d0659
660,0,/o-kohoutu-kocouru-a-kose-d660|/d0660
661,0,/chropyne-d661|/d0661
662,0,/o-poslusnych-kuzlatkach-d662|/d0662
663,0,/o-kohoutkovi-a-slepicce-d663|/d0663
664,0,/o-pernikove-chaloupce-d664|/d0664
665,0,/zviratka-a-loupeznici-d665|/d0665
666,1,/o-jirkovi-a-kolobezce-d666|/d0666
667,0,/pozorujeme-silnicni-provoz-d667|/d0667
668,1,/dopravni-znacky-v-situacich-d668|/d0668
669,0,/svet-dopravy-d669|/d0669
670,0,/krizovatky-bez-nehod-d670|/d0670
671,0,/dopravni-situace-na-krizovatkach-d671|/d0671
672,0,/pravidla-silnicniho-provozu-2-d672|/d0672
673,0,/pravidla-silnicniho-provozu-3-d673|/d0673
674,0,/hori-150-d674|/d0674
675,0,/chodci-a-humor-d675|/d0675
676,0,/z-vojenskeho-humoru-d676|/d0676
677,0,/koberec-a-pisingrove-drobecky-d677|/d0677
678,0,/tri-vcelicky-d678|/d0678
679,0,/honza-jde-do-sveta-d679|/d0679
680,0,/spalicek-d680|/d0680
681,0,/o-popelce-d681|/d0681
682,0,/o-budulinkovi-d682|/d0682
683,0,/o-velke-ripe-d683|/d0683
684,0,/princ-bajaja-d684|/d0684
685,0,/tri-zlate-vlasy-deda-vseveda-d685|/d0685
686,0,/dlouhy-siroky-a-bystrozraky-d686|/d0686
687,0,/mysacek-pik-d687|/d0687
688,0,/sova-d688|/d0688
689,0,/ocasy-d689|/d0689
690,0,/lesni-domecky-d690|/d0690
691,0,/zvidalek-mezi-vojaky-d691|/d0691
692,1,/zvidalek-u-snb-d692|/d0692
693,0,/zvidalek-s-pozarniky-d693|/d0693
694,0,/honza-a-vrba-d694|/d0694
695,0,/dobrodruzstvi-veverky-zrzecky-1-d695|/d0695
696,0,/dobrodruzstvi-veverky-zrzecky-2-d696|/d0696
697,2,/zvidalek-ve-svazarmu-d697|/d0697
698,0,/zvidalek-u-lekare-d698|/d0698
699,0,/zajicek-hrdopysek-d699|/d0699
700,0,/o-kohoutkovi-a-slepicce-d700|/d0700
701,0,/jak-starecek-menil-az-vymenil-d701|/d0701
702,0,/hracky-ve-svete-ditete-d702|/d0702
703,0,/hracky-pro-nejmensi-deti-d703|/d0703
704,0,/hracky-pro-deti-4-8-let-d704|/d0704
705,0,/hracky-pro-starsi-deti-d705|/d0705
706,0,/o-konicku-pejkovi-d706|/d0706
707,0,/churavy-robin-d707|/d0707
708,0,/prevelika-novinka-d708|/d0708
709,0,/moucha-bzucilka-d709|/d0709
710,0,/kde-bydli-barborka-d710|/d0710
711,0,/certikovy-bachorky-d711|/d0711
712,0,/pazata-d712|/d0712
713,0,/jak-zajicek-lecil-medvidka-d713|/d0713
714,0,/danek-a-janek-d714|/d0714
715,0,/jak-michal-dokychal-d715|/d0715
716,0,/za-tajemstvim-hlubin-d716|/d0716
717,0,/cerny-pasazer-d717|/d0717
718,0,/o-odvazne-jane-ktera-se-bala-d718|/d0718
719,0,/v-zdrave-skolce-d719|/d0719
720,0,/o-tomasovi-d720|/d0720
721,0,/dobrodruzstvi-v-mikroskopu-d721|/d0721
722,0,/plovouci-kral-d722|/d0722
723,0,/nejlepsi-hrebinek-d723|/d0723
724,0,/o-trech-kamaradech-a-treneru-ibrahimovi-d724|/d0724
725,0,/jak-gejza-a-baltazar-zavodili-v-letani-d725|/d0725
726,0,/ancicka-sestricka-a-sedy-vlk-d726|/d0726
727,0,/dopravni-situace-na-krizovatkach-1-d727|/d0727
728,0,/betka-z-myslivny-d728|/d0728
729,18,/sipkova-ruzenka-d729|/d0729
730,0,/byl-jeden-domecek-d730|/d0730
731,0,/carovny-knoflik-d731|/d0731
732,0,/cesta-k-slunci-d732|/d0732
733,0,/cesta-okolo-sveta-d733|/d0733
734,0,/chlapec-a-more-d734|/d0734
735,0,/chran-deti-pred-pozary-d735|/d0735
736,0,/co-se-stalo-jedne-noci-d736|/d0736
737,0,/den-prvnacka-petrika-d737|/d0737
738,0,/jak-se-chovat-pri-jidle-d738|/d0738
739,0,/divotvorny-lovec-d739|/d0739
740,0,/dupi-v-africe-d740|/d0740
741,0,/dlouhy-siroky-a-bystrozraky-d741|/d0741
742,0,/dlouhy-siroky-a-bystrozraky-1-d742|/d0742
743,0,/dobrodruzstvi-maleho-macka-a-jeho-pratel-vesmirna-cerna-jizda-d743|/d0743
744,0,/maly-netopyr-d744|/d0744
745,0,/dobyti-severniho-polu-1-d745|/d0745
746,0,/dobyti-vzduchu-d746|/d0746
747,0,/esteticka-vychova-ve-skolni-druzine-d747|/d0747
748,0,/ferko-a-evicka-na-prazdninach-d748|/d0748
749,0,/ferko-a-zviratka-v-lese-d749|/d0749
750,0,/pasik-na-karnevalu-d750|/d0750
751,0,/gulliveruv-navrat-d751|/d0751
752,0,/honza-a-loupeznici-d752|/d0752
753,0,/hurvinek-mezi-broucky-d753|/d0753
754,0,/jak-cert-slouzil-d754|/d0754
755,0,/jak-se-zviratka-ukladaji-k-zimnimu-spanku-d755|/d0755
756,0,/jak-slo-vejce-na-vandr-d756|/d0756
757,0,/jak-v-druzstvu-hrabuvce-vyzrali-na-skudce-d757|/d0757
758,0,/jak-vyrostla-jahoda-d758|/d0758
759,0,/janko-a-or-d759|/d0759
760,0,/pohadka-o-blahove-husicce-d760|/d0760
761,0,/jezourek-1-d761|/d0761
762,0,/jezourek-2-d762|/d0762
763,1,/jirkova-cesta-za-dobrym-zdravim-d763|/d0763
764,0,/kadrnozka-d764|/d0764
765,0,/kdyz-se-rozzari-vanocni-stromky-d765|/d0765
766,0,/koblizek-na-vandru-d766|/d0766
767,0,/sedmero-krkavcu-d767|/d0767
768,0,/kral-casu-d768|/d0768
769,0,/krystof-kolumbus-1-a-2-d769|/d0769
770,0,/kukacka-v-cizim-hnizde-d770|/d0770
771,0,/kulihrasek-a-vcelicky-d771|/d0771
772,0,/liska-a-vlk-d772|/d0772
773,0,/lomidrevo-nebo-valibuk-d773|/d0773
774,0,/mechacek-fukacek-na-cestach-d774|/d0774
775,0,/mechurik-koscurik-a-kamaradi-d775|/d0775
776,0,/pernikova-chaloupka-d776|/d0776
777,0,/jak-ded-vseved-ztratil-hlavu-kdyz-k-nam-prisel-na-vystavu-d777|/d0777
778,0,/na-krizovatce-d778|/d0778
779,0,/na-poste-d779|/d0779
780,1,/na-zavodnich-drahach-d780|/d0780
781,0,/narozeniny-kocicky-majdy-d781|/d0781
782,0,/nas-byt-d782|/d0782
783,0,/neni-list-jako-list-d783|/d0783
784,1,/neohrozeny-mikes-d784|/d0784
785,1,/nevychovany-misa-d785|/d0785
786,0,/mile-deti-d786|/d0786
787,2,/o-kohoutkovi-a-kocourkovi-d787|/d0787
788,0,/o-kohoutkovi-a-slepicce-d788|/d0788
789,1,/o-labuti-d789|/d0789
790,0,/o-lenive-magdalence-d790|/d0790
791,0,/o-letectvi-d791|/d0791
792,1,/o-lodich-d792|/d0792
793,1,/o-makovem-kolaci-d793|/d0793
794,0,/o-neposlusnem-kohoutkovi-d794|/d0794
795,0,/o-bohatem-a-chudem-d795|/d0795
796,0,/o-pernikove-chaloupce-d796|/d0796
797,0,/o-princi-cvalikovi-a-princezne-mlsalce-d797|/d0797
798,0,/o-psikovi-kocce-a-hadovi-d798|/d0798
799,0,/o-tajemnem-skritkovi-d799|/d0799
800,3,/o-velike-repe-d800|/d0800
801,1,/o-velke-repe-2-d801|/d0801
802,0,/o-vodnikovi-d802|/d0802
803,0,/o-chytrem-jankovi-d803|/d0803
804,0,/prorok-rak-d804|/d0804
805,0,/od-telegrafu-ke-druzici-d805|/d0805
806,0,/rucicky-d806|/d0806
807,0,/ostrov-uzdraveni-d807|/d0807
808,2,/parni-zeleznice-d808|/d0808
809,0,/pionyrsky-tabor-d809|/d0809
810,0,/pohadka-o-divotvornem-hrnecku-d810|/d0810
811,0,/pohadka-o-jahodove-princezne-d811|/d0811
812,0,/pohadka-o-lese-d812|/d0812
813,0,/jak-slunicko-potrestalo-nezbedniky-d813|/d0813
814,0,/popelka-d814|/d0814
815,0,/popelak-d815|/d0815
816,3,/poprve-na-jizdnim-kole-d816|/d0816
817,0,/povypravej-co-vidis-d817|/d0817
818,0,/poznate-nase-domaci-zviratka-d818|/d0818
819,1,/prazske-pamatky-d819|/d0819
820,2,/prihody-jiriny-od-jara-do-zimy-d820|/d0820
821,1,/prochazka-prahou-d821|/d0821
822,0,/prorok-rak-d822|/d0822
823,0,/prvni-plavba-okolo-zeme-d823|/d0823
824,0,/ptak-ohnivak-a-liska-ryska-d824|/d0824
825,0,/putovani-za-starou-lampou-d825|/d0825
826,1,/radost-a-mir-detem-celeho-sveta-d826|/d0826
827,0,/raj-zabicek-rosnicek-d827|/d0827
828,0,/hry-a-zerty-d828|/d0828
829,0,/slunicko-pratel-zviratek-d829|/d0829
830,0,/o-snehurce-d830|/d0830
831,0,/snehurka-a-sedm-trpasliku-d831|/d0831
832,1,/snih-a-voda-d832|/d0832
833,2,/spravedliva-odmena-d833|/d0833
834,0,/stare-povesti-ceske-d834|/d0834
835,0,/strasidylko-d835|/d0835
836,0,/treninky-edka-baletky-d836|/d0836
837,0,/tri-pradleny-d837|/d0837
838,1,/tri-zlate-hrusky-d838|/d0838
839,0,/tucnaci-d839|/d0839
840,0,/v-ovocnem-sadu-d840|/d0840
841,0,/ve-vode-a-u-vody-d841|/d0841
842,0,/vodni-pani-d842|/d0842
843,0,/vylet-do-prirody-d843|/d0843
844,4,/vyroba-a-zpracovani-textilii-d844|/d0844
845,0,/zabka-kralovna-d845|/d0845
846,0,/zahradni-kvetiny-d846|/d0846
847,0,/zapomenuty-cert-d847|/d0847
848,0,/zdravuscino-prvni-dobrodruzstvi-d848|/d0848
849,0,/zdravuska-a-mikrobi-d849|/d0849
850,0,/zimni-kralovna-d850|/d0850
851,0,/zlate-kapradi-d851|/d0851
852,0,/zpivajici-fletna-d852|/d0852
853,2,/zverinec-d853|/d0853
854,0,/zvidalek-a-lidove-milice-d854|/d0854
855,0,/besip-zeleny-panacek-d855|/d0855
856,0,/demanovske-jeskyne-1-d856|/d0856
857,0,/demanovske-jeskyne-2-d857|/d0857
858,0,/zviratka-hospodari-d858|/d0858
859,0,/mezititulky-d859|/d0859
860,0,/chlapec-a-prak-d860|/d0860
861,0,/jak-slon-odhalil-tajemstvi-d861|/d0861
862,0,/od-jara-az-do-zimy-d862|/d0862
863,0,/horolezci-d863|/d0863
864,0,/obluda-d864|/d0864
865,0,/az-upecu-budu-jist-d865|/d0865
866,0,/mlady-cyklista-d866|/d0866
867,0,/kocour-v-botach-d867|/d0867
868,0,/o-pernikove-chaloupce-d868|/d0868
869,0,/co-videly-deti-v-lese-d869|/d0869
870,0,/kolektiv-je-dobry-lek-d870|/d0870
871,0,/marenka-a-medved-d871|/d0871
872,0,/v-pekarne-d872|/d0872
873,0,/v-obuvnicke-dilne-d873|/d0873
874,0,/v-krejcovske-dilne-d874|/d0874
875,0,/grosacek-d875|/d0875
876,0,/kopcem-d876|/d0876
877,0,/havranpirko-d877|/d0877
878,0,/tri-zlate-vlasy-deda-vseveda-1-2-d878|/d0878
879,0,/o-cervene-karkulce-d879|/d0879
880,0,/snehurka-a-sedm-trpasliku-d880|/d0880
881,0,/pohadka-o-klukovi-s-balonem-d881|/d0881
882,0,/sipkova-ruzenka-d882|/d0882
883,0,/o-sipkove-ruzence-d883|/d0883
884,0,/kohoutek-a-klasek-d884|/d0884
885,0,/obr-dooblak-straznikem-d885|/d0885
886,0,/o-dvanacti-mesickach-d886|/d0886
887,1,/princ-bajaja-d887|/d0887
888,0,/neohrozeny-mikes-d888|/d0888
889,0,/o-hloupem-vlkovi-d889|/d0889
890,0,/tri-bratri-d890|/d0890
891,0,/cert-a-cikan-d891|/d0891
892,2,/myska-a-tuzka-d892|/d0892
893,0,/dlouhy-siroky-a-bystrozraky-d893|/d0893
894,0,/kral-dzungle-v-cirkuse-d894|/d0894
895,0,/pernikova-chaloupka-d895|/d0895
896,0,/cert-a-kaca-d896|/d0896
897,0,/kulihrasek-na-remesle-d897|/d0897
898,0,/trpaslicek-kulihrasek-mezi-zviratky-d898|/d0898
899,0,/kulihrasek-v-hlubinach-morskych-d899|/d0899
900,0,/kulihrasek-s-majdalenkou-a-kouzlo-zlate-jahody-d900|/d0900
901,0,/kulihrasek-mezi-hrackami-d901|/d0901
902,0,/kulihraskuv-vylet-d902|/d0902
903,0,/kulihrasek-sportovec-d903|/d0903
904,0,/kulihrasek-trosecnik-d904|/d0904
905,0,/kulihraskova-abeceda-d905|/d0905
906,0,/svaty-jan-bosko-d906|/d0906
907,0,/litost-maleho-pepicka-d907|/d0907
908,0,/kreckovi-krece-d908|/d0908
909,0,/zvireci-rec-d909|/d0909
910,0,/janosikuv-poklad-d910|/d0910
911,0,/jak-deda-mraz-nadelovat-d911|/d0911
912,0,/zpodobovani-souhlasek-d912|/d0912
913,0,/vyjimky-ve-vybranych-slovech-d913|/d0913
914,0,/delka-a-mekkost-1-dil-d914|/d0914
915,0,/delka-a-mekkost-2-dil-d915|/d0915
916,0,/jak-se-pozoruje-pocasi-d916|/d0916
917,1,/cinnost-skudcu-v-prirode-d917|/d0917
918,0,/povest-o-svatoplukovi-d918|/d0918
919,1,/chranme-se-pred-urazy-d919|/d0919
920,0,/jak-se-chovat-pri-jidle-d920|/d0920
921,0,/vodni-zdroje-d921|/d0921
922,0,/pravek-slovani-velka-morava-d922|/d0922
923,0,/stredovek-d923|/d0923
924,0,/husitske-revolucni-hnuti-d924|/d0924
925,0,/zivot-venkovskeho-lidu-v-2pol-18-stol-a-v-19stol-d925|/d0925
926,2,/stredoveke-hrady-na-slovensku-1-d926|/d0926
927,1,/stredoveke-hrady-na-slovensku-2-d927|/d0927
928,0,/v-poddanske-vesnici-d928|/d0928
929,0,/putovani-po-slovensku-1-d929|/d0929
930,0,/putovani-po-slovensku-2-d930|/d0930
931,1,/chranena-prirodni-uzemi-slovenska-d931|/d0931
932,0,/boj-za-svobodu-d932|/d0932
933,2,/voda-v-prirode-d933|/d0933
934,0,/ulice-plna-nebezpeci-d934|/d0934
935,0,/nebezpecna-sazka-d935|/d0935
936,1,/cyklista-na-krizovatce-d936|/d0936
937,0,/jak-lide-bydlili-a-bydli-d937|/d0937
938,0,/sos-do-celeho-sveta-d938|/d0938
939,0,/nase-rodina-a-nas-byt-d939|/d0939
940,0,/muj-volny-cas-d940|/d0940
941,0,/pracovni-den-skolaku-d941|/d0941
942,0,/rodina-zaklad-spolecnosti-d942|/d0942
943,0,/v-zoologicke-zahrade-d943|/d0943
944,0,/liska-stavitelka-d944|/d0944
945,0,/vytvarna-vychova-v-1-rocnik-zs-1-dil-d945|/d0945
946,0,/vytvarna-vychova-v-1-rocnik-zs-2-dil-d946|/d0946
947,0,/vytvarna-vychova-v-2-rocnik-zs-d947|/d0947
948,0,/deti-v-nebezpeci-d948|/d0948
949,0,/v-obchode-d949|/d0949
950,0,/belasek-zelny-d950|/d0950
951,0,/jak-se-honza-ucil-latinsky-d951|/d0951
952,0,/proc-moudry-zvonecek-prestal-plakat-d952|/d0952
953,0,/o-zelenem-domecku-d953|/d0953
954,0,/macko-a-dunco-na-planete-rulete-d954|/d0954
955,0,/co-by-kdybyjak-madlenka-dostala-puntu-d955|/d0955
956,0,/o-zlem-a-dobrem-ohni-d956|/d0956
957,0,/dej-pan-buh-stesti-lavko-d957|/d0957
958,0,/o-divotvorne-harfe-d958|/d0958
959,0,/janko-polenko-d959|/d0959
960,0,/o-sipkove-ruzence-d960|/d0960
961,0,/prvni-den-ve-skolce-d961|/d0961
962,0,/na-vozovce-d962|/d0962
963,0,/bezpecne-na-kole-d963|/d0963
964,0,/vyslovnost-hlasky-r-2-dil-d964|/d0964
965,0,/jednoho-rana-d965|/d0965
966,0,/dupi-na-prazdninach-d966|/d0966
967,0,/verka-a-panenky-d967|/d0967
968,0,/prihody-janka-hraska-3-d968|/d0968
969,0,/sen-o-oku-d969|/d0969
970,0,/kapickovani-a-klokan-skokan-d970|/d0970
971,0,/dva-neposlusni-kamaradi-d971|/d0971
972,0,/o-peti-vernych-sluzebnicich-d972|/d0972
973,0,/zviratka-se-radila-jak-se-maji-oblekat-d973|/d0973
974,0,/branne-hry-d974|/d0974
975,0,/prednost-v-jizde-na-krizovatce-d975|/d0975
976,0,/o-vetrnem-krali-d976|/d0976
977,0,/dobiti-jizniho-polu-d977|/d0977
978,0,/o-morskem-konikovi-d978|/d0978
979,0,/nas-ucitel-d979|/d0979
980,0,/nase-rodina-d980|/d0980
981,0,/kraska-a-zvire-d981|/d0981
982,0,/vysoke-tatry-d982|/d0982
983,0,/povidka-o-bide-jednooke-d983|/d0983
984,0,/o-ivanu-hlupci-d984|/d0984
985,0,/dobrodruzny-let-na-mesic-d985|/d0985
986,0,/general-smog-d986|/d0986
987,0,/jak-zviratka-betce-pomahali-d987|/d0987
988,0,/o-trech-grosich-d988|/d0988
989,0,/o-velke-repe-d989|/d0989
990,0,/o-zaklete-hore-d990|/d0990
991,0,/pohadka-o-dedovi-mrazovi-d991|/d0991
992,0,/povest-o-hrade-beckov-d992|/d0992
993,0,/sestricka-alenuska-a-braska-ivanusko-d993|/d0993
994,0,/proc-boris-onemocnel-d994|/d0994
995,0,/co-se-stalo-na-zelnem-d995|/d0995
996,0,/filipek-se-nestal-detektivem-d996|/d0996
997,0,/o-koze-ktera-prilis-zvanila-d997|/d0997
998,0,/do-skoly-d998|/d0998
999,0,/vesmirna-pohadka-d999|/d0999
1000,0,/darek-z-narozeninam-d1000|/d1000
1001,0,/o-tom-jak-zil-a-co-jedl-a-pil-robinson-crusoe-d1001|/d1001
1002,0,/co-by-kdybyjak-madlenka-s-puntou-byli-na-pouti-d1002|/d1002
1003,0,/vyletela-holubicka-d1003|/d1003
1004,1,/vytvarna-vychova-na-ms-2-d1004|/d1004
1005,0,/nas-byt-d1005|/d1005
1006,0,/zverobijca-d1006|/d1006
1007,4,/maly-motocykl-d1007|/d1007
1008,0,/neposlusne-kacatko-d1008|/d1008
1009,4,/zapado-ceske-lazne-d1009|/d1009
1010,0,/v-obchode-d1010|/d1010
1011,0,/dobyti-severniho-polu-2-d1011|/d1011
1012,0,/kuba-a-katka-na-chate-d1012|/d1012
1013,0,/pohadkova-hvezda-d1013|/d1013
1014,0,/nejkrasnejsi-hvezdicka-d1014|/d1014
1015,0,/vysoke-tatry-d1015|/d1015
1016,0,/prochazka-po-moskve-d1016|/d1016
1017,0,/sport-d1017|/d1017
1018,0,/vytvarna-vychova-na-ms-1-d1018|/d1018
1019,0,/uhlik-slamka-a-bublinka-d1019|/d1019
1020,0,/vila-julka-a-skritek-papulka-d1020|/d1020
1021,0,/zoubek-jajboli-d1021|/d1021
1022,0,/kocourkove-nejsou-o-nic-horsi-d1022|/d1022
1023,0,/trest-dobre-vily-d1023|/d1023
1024,0,/pepikovo-probuzeni-d1024|/d1024
1025,0,/chytry-alik-d1025|/d1025
1026,0,/pestrobarevny-kvet-dne-d1026|/d1026
1027,0,/podrik-detektivem-d1027|/d1027
1028,0,/utek-z-kralovstvi-umounencu-d1028|/d1028
1029,0,/zpev-zluny-d1029|/d1029
1030,0,/velke-zavody-d1030|/d1030
1031,0,/pohadka-o-stolickach-d1031|/d1031
1032,0,/kdo-je-nejkrasnejsi-d1032|/d1032
1033,0,/medovnik-pre-verneho-kamarata-d1033|/d1033
1034,0,/atos-dava-pozor-na-matusa-d1034|/d1034
1035,0,/bojko-a-smelko-d1035|/d1035
1036,0,/v-klistatovom-kralovstve-d1036|/d1036
1037,0,/nase-ovoce-d1037|/d1037
1038,1,/poznavejme-obilniny-d1038|/d1038
1039,0,/jak-ves-nepochodila-d1039|/d1039
1040,0,/automobil-v-obrazech-d1040|/d1040
1041,0,/co-se-stalo-na-salasi-d1041|/d1041
1042,0,/domecek-pro-pilulky-d1042|/d1042
1043,1,/dopravni-situace-na-krizovatkach-d1043|/d1043
1044,0,/dopravni-vychova-a-ridicsky-vycvik-mladeze-d1044|/d1044
1045,0,/dopravni-znacky-jak-je-neznate-d1045|/d1045
1046,0,/hrad-nevetrakov-d1046|/d1046
1047,0,/hrom-do-police-d1047|/d1047
1048,0,/chod-bezpecne-dobre-dojdes-d1048|/d1048
1049,0,/jedna-nula-pro-dolnaky-d1049|/d1049
1050,0,/jeste-tu-ziji-capi-d1050|/d1050
1051,0,/kaz-auvajs-d1051|/d1051
1052,0,/kridelka-d1052|/d1052
1053,0,/mlsne-bacily-d1053|/d1053
1054,0,/mimozemstane-d1054|/d1054
1055,0,/moderni-automobil-v-obrazech-d1055|/d1055
1056,0,/nebezpecny-zvyk-d1056|/d1056
1057,0,/o-betusce-ktera-nechtela-spavat-d1057|/d1057
1058,0,/o-dobre-carodejnici-d1058|/d1058
1059,0,/o-flekate-louce-d1059|/d1059
1060,0,/o-smrkovi-a-frkovi-d1060|/d1060
1061,0,/o-svisti-pistovi-a-dvou-plesovych-vilach-d1061|/d1061
1062,0,/o-tomasovi-d1062|/d1062
1063,0,/o-toulavem-ocku-d1063|/d1063
1064,0,/olo-a-jeho-sacek-d1064|/d1064
1065,0,/pan-balaz-z-hradove-d1065|/d1065
1066,0,/princ-slamka-d1066|/d1066
1067,0,/pohadka-o-vitaminech-d1067|/d1067
1068,0,/sestricka-d1068|/d1068
1069,0,/spinavek-d1069|/d1069
1070,0,/tomas-a-lucinka-d1070|/d1070
1071,0,/tomasovi-snurky-d1071|/d1071
1072,0,/vyhlaska-145/58-d1072|/d1072
1073,0,/zebricka-mirka-d1073|/d1073
1074,0,/zkusebni-test-z-dopravnich-znacek-d1074|/d1074
1075,0,/ztracena-pismenka-d1075|/d1075
1076,0,/gumovy-pepan-d1076|/d1076
1077,1,/straznicke-slavnosti-1-d1077|/d1077
1078,0,/straznicke-slavnosti-2-d1078|/d1078
1079,1,/moderni-zoologicke-zahrady-jejich-ukoly-a-poslani-d1079|/d1079
1080,0,/zivotni-prostredi-a-my-d1080|/d1080
1081,0,/vyslovnost-hlasky-r-1-dil-d1081|/d1081
1082,0,/pravidla-silnicniho-provozu-1-d1082|/d1082
1084,10,/vytvarna-vychova-1dil-d1084|/d1084
1085,7,/vytvarna-vychova-2dil-d1085|/d1085
1086,0,/hrady-a-zamky-vychodnich-cech-d1086|/d1086
1087,0,/prochazka-prahou-d1087|/d1087
1088,0,/vyprodej-o-koblizkovi-d1088|/d1088
1089,9,/otesanek-d1089|/d1089
1090,21,/smola-a-mazacek-lyzari-d1090|/d1090
1091,18,/smola-a-mazacek-namornici-d1091|/d1091
1092,21,/smola-a-mazacek-na-vylete-d1092|/d1092
1093,21,/smola-a-mazacek-vzduchoplavci-d1093|/d1093
1094,29,/ospaly-strelec-d1094|/d1094
1095,0,/zazracny-olej-d1095|/d1095
1096,0,/v-tom-zelenem-lese-d1096|/d1096
1097,0,/sul-nad-zlato-d1097|/d1097
1098,0,/podzim-d1098|/d1098
1099,0,/o-cem-vypravela-slinka-bublinka-d1099|/d1099
1100,0,/nase-telo-osobni-hygiena-d1100|/d1100
1101,0,/nase-zdravi-d1101|/d1101
1102,0,/navsteva-bratislavy-d1102|/d1102
1103,0,/juro-janosik-d1103|/d1103
1104,0,/darek-od-dedy-mraze-d1104|/d1104
1105,0,/jak-si-udelam-babovku-d1105|/d1105
1106,0,/co-jsem-si-vyslouzil-d1106|/d1106
1107,0,/filipko-d1107|/d1107
1108,0,/mala-labut-d1108|/d1108
1109,0,/lev-a-zajic-d1109|/d1109
1110,0,/janko-kral-d1110|/d1110
1111,0,/povest-o-znievskem-hrade-d1111|/d1111
1112,0,/rafinovany-vavro-d1112|/d1112
1113,0,/dobrodruzstvi-mlade-uzovky-d1113|/d1113
1114,0,/lenosne-zabky-d1114|/d1114
1115,0,/myska-v-podzemnim-bludisti-d1115|/d1115
1116,0,/pavouci-d1116|/d1116
1117,0,/dobrodruzstvi-v-dzungli-d1117|/d1117
1118,0,/guliver-mezi-liliputany-d1118|/d1118
1119,0,/guliver-mezi-obry-d1119|/d1119
1120,0,/janosik-na-mikulasskem-jarmarku-d1120|/d1120
1121,0,/o-princezne-a-zahradnikovi-d1121|/d1121
1122,0,/dopravni-krizovatky-d1122|/d1122
1123,0,/gejza-a-baltazar-na-vylete-d1123|/d1123
1124,0,/moudra-sova-d1124|/d1124
1125,0,/broko-a-floko-d1125|/d1125
1126,0,/doma-je-nejlepsi-d1126|/d1126
1127,0,/kamaradi-delfini-d1127|/d1127
1128,0,/neobycejna-pohadka-d1128|/d1128
1129,0,/ozivene-hracky-d1129|/d1129
1130,0,/prihoda-medvidka-macka-d1130|/d1130
1131,0,/vincek-holubar-d1131|/d1131
1132,0,/zradny-sluzebnik-d1132|/d1132
1133,0,/krizovatky-d1133|/d1133
1134,0,/co-s-takovym-kocourkem-d1134|/d1134
1135,0,/hrnec-medu-d1135|/d1135
1136,0,/o-katce-a-matejovi-d1136|/d1136
1137,0,/o-peknem-indovi-d1137|/d1137
1138,0,/dva-draci-d1138|/d1138
1139,0,/o-medvedovi-ktery-musel-vyjadrit-d1139|/d1139
1140,0,/jak-byl-kocour-kralem-lesa-d1140|/d1140
1141,0,/o-moudre-zuzce-d1141|/d1141
1142,0,/pani-zima-d1142|/d1142
1143,0,/slunecni-kun-d1143|/d1143
1144,0,/tajemny-rytir-d1144|/d1144
1145,0,/zahadny-ostrov-d1145|/d1145
1146,0,/zaklety-zamek-d1146|/d1146
1147,0,/zazracni-myslivci-d1147|/d1147
1148,0,/zviratka-a-loupeznici-d1148|/d1148
1149,0,/bezpecna-jizda-na-kole-d1149|/d1149
1150,0,/cyklista-na-vozovce-1-d1150|/d1150
1151,0,/drak-zachrance-d1151|/d1151
1152,0,/technika-jizdy-na-kole-d1152|/d1152
1153,0,/hrda-nevesta-d1153|/d1153
1154,0,/zeleznik-d1154|/d1154
1155,0,/bezpecna-jizda-na-kole-1-d1155|/d1155
1156,0,/bezpecna-jizda-na-kole-2-d1156|/d1156
1157,0,/bezpecna-jizda-na-kole-3-d1157|/d1157
1158,0,/cyklista-na-vozovce-2-d1158|/d1158
1159,0,/prvni-pomoc-pri-dopravnich-urazech-1-d1159|/d1159
1160,0,/prvni-pomoc-pri-dopravnich-urazech-2-d1160|/d1160
1161,0,/prvni-pomoc-pri-dopravnich-urazech-3-d1161|/d1161
1162,0,/sestricka-d1162|/d1162
1163,0,/vylet-d1163|/d1163
1164,0,/tri-zlate-hrusky-d1164|/d1164
1165,0,/michal-vdovcik-d1165|/d1165
1166,0,/o-lisce-a-dzbanu-d1166|/d1166
1167,0,/belonosik-d1167|/d1167
1168,0,/velke-zavody-d1168|/d1168
1169,0,/honza-hrdina-d1169|/d1169
1170,11,/dlouhy-siroky-bystrozraky-d1170|/d1170
1171,0,/hrnecku-var-d1171|/d1171
1172,8,/o-bohatem-a-chudem-d1172|/d1172
1173,0,/cervena-karkulka-d1173|/d1173
1174,0,/vyprodej-o-kohoutkovi-a-slepicce-d1174|/d1174
1175,4,/tri-pradleny-d1175|/d1175
1176,0,/vyprodej-o-velke-repe-d1176|/d1176
1177,0,/pernikova-chaloupka-d1177|/d1177
1178,5,/tri-zlate-vlasy-deda-vseveda-d1178|/d1178
1179,0,/o-zlem-ohni-vsezravci-a-statecnem-brouckovi-d1179|/d1179
1180,0,/z-pohadky-do-pohadky-d1180|/d1180
1181,0,/zimni-sporty-d1181|/d1181
1201,115,/o-budulinkovi-d1201|/d1201
1202,108,/cert-a-kaca-d1202|/d1202
1203,97,/o-dvanacti-mesickach-d1203|/d1203
1204,121,/o-hloupem-pecivalovi-d1204|/d1204
1205,79,/kocour-v-botach-d1205|/d1205
1206,58,/neposlusna-kuzlatka-d1206|/d1206
1207,73,/o-slunecniku-mesicniku-a-vetrniku-d1207|/d1207
1208,64,/smolicek-pacholicek-d1208|/d1208
1209,171,/zlatovlaska-d1209|/d1209
1210,170,/sul-nad-zlato-d1210|/d1210
1211,170,/o-paleckovi-d1211|/d1211
1212,167,/popelka-d1212|/d1212
1213,129,/o-kohoutkovi-a-slepicce-d1213|/d1213
1214,140,/koblizek-na-vandru-d1214|/d1214
1215,135,/snehurka-d1215|/d1215
1216,150,/princezna-na-hrasku-d1216|/d1216
1217,9,/ptak-ohnivak-a-liska-ryska-d1217|/d1217
1218,7,/zviratka-a-loupeznici-d1218|/d1218
1219,183,/sedmero-krkavcu-d1219|/d1219
1220,179,/princ-bajaja-d1220|/d1220
1221,186,/o-zlate-rybe-d1221|/d1221
1222,183,/obusku-z-pytle-ven-d1222|/d1222
1223,166,/cervena-karkulka-d1223|/d1223
1224,168,/o-velike-repe-d1224|/d1224
1225,164,/pernikova-chaloupka-d1225|/d1225
1226,166,/hrnecku-var-d1226|/d1226
